src/components/stitch/StitchAbout.tsx	1	0	0
src/components/stitch/StitchAccountDashNew-empty.tsx	4	0	0
src/components/stitch/StitchAccountDashNew-favorites.tsx	4	0	0
src/components/stitch/StitchAccountDashNew-loyalty.tsx	2	0	0
src/components/stitch/StitchAccountDashNew-membership.tsx	1	0	0
src/components/stitch/StitchAccountDashNew-orders.tsx	9	0	0
src/components/stitch/StitchAccountDashNew-profile.tsx	3	0	0
src/components/stitch/StitchAccountDashNew-skeleton.tsx	14	0	0
src/components/stitch/StitchAccountDashNew.tsx	2	0	0
src/components/stitch/StitchAccountNew-bottom-nav.tsx	6	0	0
src/components/stitch/StitchAccountNew-error.tsx	7	0	0
src/components/stitch/StitchAccountNew-loyalty-section.tsx	9	0	0
src/components/stitch/StitchAccountNew-order-history.tsx	12	0	0
src/components/stitch/StitchAccountNew-order-status-badge.tsx	6	0	0
src/components/stitch/StitchAccountNew-profile-section.tsx	8	0	0
src/components/stitch/StitchAccountNew-settings-cards.tsx	8	0	0
src/components/stitch/StitchAccountNew-skeleton.tsx	21	0	0
src/components/stitch/StitchAccountNew.tsx	11	0	1
src/components/stitch/StitchAdminLoginNew-form.tsx	2	0	0
src/components/stitch/StitchAdminLoginNew-styles.ts	8	0	6
src/components/stitch/StitchAdminTerminalNew-sidebar.tsx	20	0	0
src/components/stitch/StitchAdminTerminalNew-topbar.tsx	13	0	0
src/components/stitch/StitchAdminTerminalNew.tsx	1	1	0
src/components/stitch/StitchAppLayout.tsx	1	0	0
src/components/stitch/StitchCheckinNew-bottom-nav.tsx	1	0	0
src/components/stitch/StitchCheckinNew-constants.ts	3	0	0
src/components/stitch/StitchCheckinNew-top-app-bar.tsx	1	0	0
src/components/stitch/StitchCheckinNew.tsx	1	0	0
src/components/stitch/StitchCheckoutNew-empty-state.tsx	1	0	0
src/components/stitch/StitchCheckoutNew-footer.tsx	4	0	1
src/components/stitch/StitchCheckoutNew-order-summary.tsx	3	0	0
src/components/stitch/StitchCheckoutNew-payment-selector.tsx	11	0	0
src/components/stitch/StitchCheckoutNew-skeleton.tsx	3	0	0
src/components/stitch/StitchCheckoutNew-utils.ts	1	0	0
src/components/stitch/StitchCheckoutNew.tsx	7	0	0
src/components/stitch/StitchContactNew-constants.ts	2	0	0
src/components/stitch/StitchContactNew-contact-form.tsx	1	0	0
src/components/stitch/StitchContactNew-map-section.tsx	1	0	0
src/components/stitch/StitchContainerNew1.tsx	3	0	0
src/components/stitch/StitchContainerNew2.tsx	0	0	1
src/components/stitch/StitchEventsNew2-card.tsx	4	0	0
src/components/stitch/StitchEventsNew2-empty.tsx	21	1	0
src/components/stitch/StitchEventsNew2-form.tsx	12	0	0
src/components/stitch/StitchEventsNew2-header.tsx	19	2	0
src/components/stitch/StitchEventsNew2-timeline.tsx	7	0	0
src/components/stitch/StitchEventsNew2.tsx	3	0	0
src/components/stitch/StitchGalleryNew-gallery-card.tsx	2	0	0
src/components/stitch/StitchHeader.tsx	16	0	0
src/components/stitch/StitchHeroNew-features.tsx	1	0	0
src/components/stitch/StitchHeroNew-footer.tsx	1	0	0
src/components/stitch/StitchHeroNew-hero.tsx	2	0	0
src/components/stitch/StitchHeroNew-navbar.tsx	1	0	0
src/components/stitch/StitchHeroNew-visual-teaser.tsx	1	0	0
src/components/stitch/StitchKDSNew.tsx	4	0	2
src/components/stitch/StitchMenu2New-cart-fab.tsx	2	0	0
src/components/stitch/StitchMenu2New-craft-section.tsx	8	0	0
src/components/stitch/StitchMenu2New-footer.tsx	9	0	0
src/components/stitch/StitchMenu2New-gauge-bar.tsx	4	0	0
src/components/stitch/StitchMenu2New-header.tsx	14	0	0
src/components/stitch/StitchMenu2New-hero.tsx	8	0	0
src/components/stitch/StitchMenu2New-menu-card.tsx	12	0	0
src/components/stitch/StitchMenu2New-menu-grid.tsx	1	0	0
src/components/stitch/StitchMenu2New.tsx	2	0	0
src/components/stitch/StitchMenuNew-category-filter.tsx	2	0	0
src/components/stitch/StitchMenuNew-favorites-filter.tsx	2	0	0
src/components/stitch/StitchMenuNew-search-bar.tsx	5	0	0
src/components/stitch/StitchMenuNew-styles.ts	9	0	0
src/components/stitch/StitchMobileOrderNew-cart-bar.tsx	5	0	1
src/components/stitch/StitchMobileOrderNew-category-filter.tsx	5	0	0
src/components/stitch/StitchMobileOrderNew-header.tsx	13	0	0
src/components/stitch/StitchMobileOrderNew-product-card.tsx	14	0	0
src/components/stitch/StitchMobileOrderNew.tsx	10	0	0
src/components/stitch/StitchNotFoundNew-BackgroundOverlays.tsx	4	0	0
src/components/stitch/StitchNotFoundNew-Content.tsx	1	0	0
src/components/stitch/StitchNotFoundNew-constants.ts	2	0	0
src/components/stitch/StitchOrderFailureNew-constants.ts	2	0	0
src/components/stitch/StitchOrderFailureNew-sub-components.tsx	1	0	0
src/components/stitch/StitchOrderFailureNew.tsx	1	0	0
src/components/stitch/StitchOrderMgmtNew-dashboard.tsx	33	0	0
src/components/stitch/StitchOrderMgmtNew-order-card.tsx	12	0	0
src/components/stitch/StitchOrderMgmtNew-pagination.tsx	7	0	0
src/components/stitch/StitchOrderMgmtNew-sidebar.tsx	14	0	0
src/components/stitch/StitchOrderMgmtNew-status-badge.tsx	5	0	0
src/components/stitch/StitchOrderMgmtNew-table.tsx	11	0	0
src/components/stitch/StitchOrderMgmtNew-topbar.tsx	10	0	0
src/components/stitch/StitchOrderMgmtNew.tsx	12	0	0
src/components/stitch/StitchOrderSuccessNew-location.tsx	1	0	0
src/components/stitch/StitchOrderSuccessNew-states.tsx	1	0	0
src/components/stitch/StitchOrderSuccessNew-summary.tsx	6	0	1
src/components/stitch/StitchOrderSuccessNew-tracking.tsx	2	0	0
src/components/stitch/StitchPOSNew-add-on-chip.tsx	4	0	0
src/components/stitch/StitchPOSNew-cart-sidebar.tsx	31	0	0
src/components/stitch/StitchPOSNew-customer-lookup.tsx	28	0	0
src/components/stitch/StitchPOSNew-footer.tsx	14	0	0
src/components/stitch/StitchPOSNew-header.tsx	10	0	0
src/components/stitch/StitchPOSNew-live-clock.tsx	1	0	0
src/components/stitch/StitchPOSNew-menu-item-card.tsx	13	0	1
src/components/stitch/StitchPOSNew-menu-section.tsx	13	0	0
src/components/stitch/StitchPOSNew-styles.ts	12	0	0
src/components/stitch/StitchPOSNew.tsx	14	0	0
src/components/stitch/StitchPromotionsNew-glass-card.tsx	4	2	0
src/components/stitch/StitchReferralNew1-form.tsx	4	0	0
src/components/stitch/StitchReferralNew1-friends.tsx	5	0	0
src/components/stitch/StitchReferralNew1-layout.tsx	2	0	1
src/components/stitch/StitchReferralNew1-progress.tsx	0	0	1
src/components/stitch/StitchReferralNew1-rewards.tsx	3	0	0
src/components/stitch/StitchReferralNew1-states.tsx	9	0	0
src/components/stitch/StitchReferralNew1.tsx	2	0	0
src/components/stitch/StitchReferralNew2-empty.tsx	8	0	0
src/components/stitch/StitchReferralNew2-footer.tsx	4	0	0
src/components/stitch/StitchReferralNew2-form.tsx	10	0	0
src/components/stitch/StitchReferralNew2-header.tsx	10	0	0
src/components/stitch/StitchReferralNew2-hero.tsx	3	0	0
src/components/stitch/StitchReferralNew2-rewards-table.tsx	13	0	0
src/components/stitch/StitchReferralNew2-rewards.tsx	14	0	0
src/components/stitch/StitchReferralNew2-skeleton.tsx	19	0	0
src/components/stitch/StitchReferralNew2-steps.tsx	16	0	0
src/components/stitch/StitchReferralNew2.tsx	2	0	0
src/components/stitch/StitchReservationNew-form.tsx	6	0	0
src/components/stitch/StitchReviewsNew.tsx	6	0	0
src/components/stitch/StitchSubscriptionsNewPricingCard.tsx	2	0	0
src/components/stitch/StitchTrackOrderNew-constants.ts	2	0	0
src/components/stitch/StitchTrackOrderNew-order-timeline.tsx	1	0	0
src/components/stitch/StitchTrackOrderNew-timeline-step.tsx	1	0	0
src/components/stitch/StitchTrackOrderNew.tsx	1	0	0
src/components/stitch/loyalty-referral-block.tsx	1	0	0
src/components/stitch/stitch-about-cta-section.tsx	5	0	0
src/components/stitch/stitch-about-empty.tsx	4	0	0
src/components/stitch/stitch-about-error.tsx	4	0	0
src/components/stitch/stitch-about-footer.tsx	21	0	0
src/components/stitch/stitch-about-header-nav.tsx	5	0	0
src/components/stitch/stitch-about-hero-section.tsx	5	0	0
src/components/stitch/stitch-about-skeleton.tsx	12	0	0
src/components/stitch/stitch-about-story-section.tsx	5	0	0
src/components/stitch/stitch-about-team-section.tsx	8	0	0
src/components/stitch/stitch-about-timeline-section.tsx	8	0	0
src/components/stitch/stitch-about-values-section.tsx	4	0	0
src/components/stitch/stitch-about-zones-section.tsx	4	0	0
src/components/stitch/stitch-container-new1-bento-section.tsx	3	0	0
src/components/stitch/stitch-container-new1-detail-card.tsx	3	0	0
src/components/stitch/stitch-container-new1-empty.tsx	2	0	0
src/components/stitch/stitch-container-new1-error.tsx	1	0	0
src/components/stitch/stitch-container-new1-evening-menu.tsx	1	0	0
src/components/stitch/stitch-container-new1-footer.tsx	5	0	0
src/components/stitch/stitch-container-new1-hero-section.tsx	3	0	0
src/components/stitch/stitch-container-new1-lounge-section.tsx	4	0	0
src/components/stitch/stitch-container-new1-menu-card.tsx	3	0	0
src/components/stitch/stitch-container-new1-site-header.tsx	1	0	0
src/components/stitch/stitch-container-new1-skeleton.tsx	16	0	0
src/components/stitch/stitch-cta-and-nav.tsx	1	0	0
src/components/stitch/stitch-kds-action-button.tsx	4	0	1
src/components/stitch/stitch-kds-empty-state.tsx	4	0	0
src/components/stitch/stitch-kds-error-state.tsx	1	0	0
src/components/stitch/stitch-kds-header.tsx	7	0	0
src/components/stitch/stitch-kds-loading-state.tsx	6	0	0
src/components/stitch/stitch-kds-order-card.tsx	11	0	0
src/components/stitch/stitch-kds-sidebar.tsx	7	0	0
src/components/stitch/stitch-kds-utils.ts	5	0	0
src/components/stitch/stitch-order-mgmt-default.tsx	23	0	0
src/components/stitch/stitch-order-success-default.ts	2	0	0
src/components/stitch/stitch-reviews-new-card.tsx	4	0	0
src/components/stitch/stitch-reviews-new-footer.tsx	3	0	0
src/components/stitch/stitch-reviews-new-nav.tsx	3	0	0
src/components/stitch/stitch-reviews-new-rating.tsx	3	0	0
src/components/stitch/stitch-reviews-new-states.tsx	13	0	0
src/components/stitch/stitch-reviews-new-styles.ts	8	0	0
src/components/stitch/stitch-selection-controls.tsx	4	0	0
